1773,"[0, 1, 89]"
783,"[0, 1, 89]"
1133,"[0, 1, 89]"
362,"[0, 1, 89]"
131,"[0, 1, 89]"
1114,"[0, 1, 89]"
226,"[0, 1, 89]"
507,"[0, 1, 89]"
278,"[0, 1, 89]"
64,"[0, 1, 89]"
1490,"[0, 1, 89]"
976,"[0, 2, 37, 41, 87, 112]"
854,"[0, 2, 87]"
595,"[0, 2, 87]"
183,"[0, 2, 87]"
1109,"[0, 2, 87]"
867,"[0, 2, 87]"
359,"[0, 2, 87]"
344,"[0, 2, 87]"
102,"[0, 2, 87]"
1752,"[0, 2, 87]"
550,"[0, 2, 87]"
142,"[0, 2, 87]"
450,"[0, 3, 7, 147, 154]"
109,"[0, 3, 147]"
1598,"[0, 4, 7, 89, 133, 134, 151, 157]"
786,"[0, 4, 10, 89, 132, 140, 151]"
739,"[0, 4, 37, 62, 126, 153]"
1214,"[0, 4, 87, 89, 144, 152, 273]"
716,"[0, 4, 89, 134, 153]"
1131,"[0, 4, 151]"
1574,"[0, 4, 151]"
710,"[0, 4, 151]"
597,"[0, 4, 151]"
1037,"[0, 4, 151]"
1476,"[0, 4, 151]"
1350,"[0, 4, 151, 152]"
685,"[0, 4, 152]"
1693,"[0, 4, 152]"
420,"[0, 4, 152]"
251,"[0, 4, 152]"
1286,"[0, 4, 152]"
12,"[0, 4, 152]"
458,"[0, 4, 152]"
727,"[0, 4, 152]"
719,"[0, 4, 152]"
205,"[0, 4, 152, 153]"
929,"[0, 4, 153]"
747,"[0, 4, 153]"
1224,"[0, 4, 153]"
1008,"[0, 4, 153]"
1053,"[0, 4, 153, 258]"
846,"[0, 4, 259]"
1531,"[0, 4, 259]"
900,"[0, 5, 148]"
1732,"[0, 5, 148]"
589,"[0, 5, 148]"
373,"[0, 5, 148]"
1462,"[0, 5, 148]"
1680,"[0, 5, 148]"
184,"[0, 5, 148]"
1438,"[0, 5, 148]"
1423,"[0, 5, 148]"
1414,"[0, 5, 148]"
239,"[0, 5, 148]"
58,"[0, 5, 148]"
609,"[0, 5, 148]"
17,"[0, 5, 148, 150]"
632,"[0, 5, 149]"
515,"[0, 5, 149]"
276,"[0, 5, 149]"
527,"[0, 5, 149]"
781,"[0, 5, 149]"
1339,"[0, 5, 149]"
1559,"[0, 5, 149]"
1515,"[0, 5, 149]"
650,"[0, 5, 149]"
1499,"[0, 5, 149]"
379,"[0, 5, 149]"
1069,"[0, 5, 149]"
162,"[0, 5, 149]"
942,"[0, 5, 149]"
171,"[0, 5, 149]"
1332,"[0, 5, 149]"
1385,"[0, 5, 149]"
45,"[0, 5, 149]"
437,"[0, 5, 149]"
827,"[0, 5, 149]"
1670,"[0, 5, 149]"
190,"[0, 5, 149, 150]"
912,"[0, 5, 150]"
1090,"[0, 5, 150]"
1550,"[0, 5, 150]"
973,"[0, 5, 150]"
410,"[0, 5, 150]"
1405,"[0, 5, 150]"
1384,"[0, 5, 150]"
1141,"[0, 5, 150]"
1635,"[0, 5, 150]"
970,"[0, 5, 150]"
236,"[0, 5, 150]"
562,"[0, 5, 150]"
1496,"[0, 5, 150]"
616,"[0, 5, 150]"
512,"[0, 5, 150]"
1349,"[0, 5, 150]"
849,"[0, 5, 150]"
447,"[0, 5, 150]"
89,"[0, 5, 150]"
764,"[0, 5, 150]"
561,"[0, 5, 150, 257]"
582,"[0, 5, 260]"
1221,"[0, 6, 13, 166, 167, 170]"
441,"[0, 6, 13, 167, 263]"
240,"[0, 6, 89, 132, 166]"
919,"[0, 6, 166]"
1257,"[0, 6, 166]"
596,"[0, 6, 166]"
1709,"[0, 6, 166]"
1420,"[0, 6, 166]"
136,"[0, 6, 166]"
356,"[0, 6, 166]"
1705,"[0, 6, 166]"
46,"[0, 6, 166]"
273,"[0, 6, 166]"
191,"[0, 6, 166]"
1061,"[0, 6, 166]"
1590,"[0, 6, 166]"
1625,"[0, 6, 166]"
549,"[0, 6, 166]"
1431,"[0, 6, 166]"
334,"[0, 6, 166]"
254,"[0, 6, 166, 167]"
600,"[0, 6, 166, 256]"
1446,"[0, 6, 167]"
931,"[0, 6, 167]"
1713,"[0, 6, 167]"
1433,"[0, 6, 167]"
84,"[0, 6, 167]"
342,"[0, 6, 167]"
1268,"[0, 6, 168]"
715,"[0, 6, 168]"
1149,"[0, 6, 168]"
1447,"[0, 6, 256]"
459,"[0, 6, 256]"
346,"[0, 6, 256]"
746,"[0, 6, 261]"
692,"[0, 7, 154]"
769,"[0, 7, 154]"
463,"[0, 7, 154]"
1424,"[0, 7, 154]"
152,"[0, 7, 154]"
529,"[0, 7, 154]"
256,"[0, 7, 154]"
979,"[0, 7, 154]"
790,"[0, 7, 154]"
399,"[0, 7, 154]"
70,"[0, 7, 154]"
533,"[0, 7, 154]"
1130,"[0, 7, 154]"
995,"[0, 7, 154]"
1085,"[0, 7, 154]"
270,"[0, 7, 154]"
1583,"[0, 7, 154]"
1179,"[0, 7, 154]"
648,"[0, 7, 154]"
1022,"[0, 7, 154]"
3,"[0, 7, 154]"
947,"[0, 7, 154]"
1639,"[0, 7, 154]"
630,"[0, 7, 154]"
440,"[0, 7, 154]"
1497,"[0, 7, 154]"
1076,"[0, 7, 154]"
154,"[0, 7, 154]"
281,"[0, 7, 154]"
1547,"[0, 7, 154]"
1697,"[0, 7, 154]"
1555,"[0, 7, 154]"
1641,"[0, 7, 154, 155]"
111,"[0, 7, 154, 156]"
301,"[0, 7, 154, 156]"
1702,"[0, 7, 154, 157]"
1369,"[0, 7, 155]"
1750,"[0, 7, 155]"
1336,"[0, 7, 155]"
820,"[0, 7, 155]"
689,"[0, 7, 155]"
536,"[0, 7, 155]"
1342,"[0, 7, 155]"
556,"[0, 7, 155]"
674,"[0, 7, 155]"
358,"[0, 7, 155]"
83,"[0, 7, 155]"
1373,"[0, 7, 155]"
314,"[0, 7, 156]"
1351,"[0, 7, 156]"
583,"[0, 7, 157]"
333,"[0, 7, 157]"
1135,"[0, 7, 157]"
1248,"[0, 7, 157]"
368,"[0, 7, 157]"
328,"[0, 7, 157]"
1426,"[0, 7, 157]"
712,"[0, 7, 157]"
214,"[0, 7, 157]"
289,"[0, 7, 157]"
1602,"[0, 7, 157]"
13,"[0, 7, 157]"
442,"[0, 7, 157]"
787,"[0, 7, 157]"
1065,"[0, 7, 157, 159]"
85,"[0, 7, 158]"
1142,"[0, 7, 158]"
1160,"[0, 7, 158]"
874,"[0, 7, 158]"
1455,"[0, 7, 158]"
1376,"[0, 7, 158]"
1741,"[0, 7, 158]"
559,"[0, 7, 158, 159]"
938,"[0, 7, 158, 160]"
343,"[0, 7, 159]"
1388,"[0, 7, 159]"
49,"[0, 7, 159]"
799,"[0, 7, 159]"
413,"[0, 7, 159]"
765,"[0, 7, 159]"
1196,"[0, 7, 159]"
775,"[0, 7, 159]"
31,"[0, 7, 159]"
866,"[0, 7, 159]"
1046,"[0, 7, 159]"
941,"[0, 7, 159]"
445,"[0, 7, 159]"
1240,"[0, 7, 159]"
837,"[0, 7, 159]"
1415,"[0, 7, 159]"
1155,"[0, 7, 159]"
498,"[0, 7, 159]"
127,"[0, 7, 159]"
268,"[0, 7, 159]"
292,"[0, 7, 160]"
1619,"[0, 7, 160]"
1054,"[0, 7, 160]"
1140,"[0, 7, 160]"
125,"[0, 7, 160]"
209,"[0, 7, 160]"
1371,"[0, 7, 160]"
1390,"[0, 7, 160]"
806,"[0, 7, 160]"
1093,"[0, 7, 161]"
1225,"[0, 7, 161]"
697,"[0, 7, 161]"
531,"[0, 7, 161]"
1683,"[0, 7, 161]"
345,"[0, 7, 161]"
1006,"[0, 7, 262]"
1429,"[0, 8, 10, 142, 174, 176]"
635,"[0, 8, 14]"
1309,"[0, 8, 14]"
417,"[0, 8, 14]"
224,"[0, 8, 14]"
1667,"[0, 8, 14]"
118,"[0, 8, 14]"
1005,"[0, 8, 14]"
414,"[0, 8, 14]"
1600,"[0, 8, 14]"
950,"[0, 8, 14]"
601,"[0, 8, 14]"
612,"[0, 8, 14]"
1685,"[0, 8, 14]"
220,"[0, 8, 14]"
777,"[0, 8, 16, 29, 36, 176, 180]"
974,"[0, 8, 16, 29, 176, 181]"
79,"[0, 8, 16, 29, 176, 181, 182]"
1608,"[0, 8, 174]"
645,"[0, 8, 174]"
1648,"[0, 8, 174]"
277,"[0, 8, 174]"
1604,"[0, 8, 174]"
232,"[0, 8, 174]"
1411,"[0, 8, 174]"
803,"[0, 8, 174]"
1532,"[0, 8, 174]"
1657,"[0, 8, 174]"
452,"[0, 8, 174, 175]"
1595,"[0, 8, 174, 176]"
1035,"[0, 8, 175]"
78,"[0, 8, 175]"
1026,"[0, 8, 175]"
471,"[0, 8, 175]"
1051,"[0, 8, 175]"
400,"[0, 8, 175]"
1561,"[0, 8, 175]"
673,"[0, 8, 175]"
1637,"[0, 8, 175]"
1552,"[0, 8, 176]"
1464,"[0, 8, 176]"
594,"[0, 8, 176]"
161,"[0, 8, 176]"
737,"[0, 8, 176]"
146,"[0, 8, 176]"
1106,"[0, 8, 176]"
1764,"[0, 8, 176]"
160,"[0, 8, 176]"
119,"[0, 8, 176]"
1284,"[0, 8, 176]"
1504,"[0, 8, 176]"
1631,"[0, 8, 176]"
1364,"[0, 8, 176]"
402,"[0, 8, 176]"
1292,"[0, 8, 176]"
1399,"[0, 8, 176]"
1620,"[0, 8, 176]"
203,"[0, 8, 176]"
54,"[0, 8, 176]"
1530,"[0, 8, 176]"
491,"[0, 9, 11, 89, 134, 163, 213]"
793,"[0, 9, 13, 170, 213]"
1265,"[0, 9, 16, 21, 190, 213]"
753,"[0, 9, 213]"
956,"[0, 9, 213]"
886,"[0, 9, 213]"
1638,"[0, 9, 213]"
1524,"[0, 9, 213]"
901,"[0, 9, 213]"
473,"[0, 9, 213]"
1226,"[0, 9, 213]"
1664,"[0, 9, 213]"
1729,"[0, 9, 213]"
1541,"[0, 9, 213]"
1363,"[0, 9, 213]"
1197,"[0, 9, 213]"
1629,"[0, 9, 213]"
392,"[0, 10, 140]"
891,"[0, 10, 140]"
925,"[0, 10, 140]"
204,"[0, 10, 140]"
272,"[0, 10, 140]"
143,"[0, 10, 140]"
201,"[0, 10, 141]"
1192,"[0, 10, 141]"
1485,"[0, 10, 141]"
1730,"[0, 10, 141]"
1095,"[0, 10, 141]"
350,"[0, 10, 141]"
106,"[0, 10, 141]"
1413,"[0, 10, 141, 142]"
369,"[0, 10, 141, 142]"
1049,"[0, 10, 142]"
1594,"[0, 10, 142]"
298,"[0, 10, 142]"
451,"[0, 10, 142]"
115,"[0, 10, 142]"
878,"[0, 10, 142]"
94,"[0, 11, 16, 33, 94, 163]"
1681,"[0, 11, 162]"
195,"[0, 11, 162]"
40,"[0, 11, 162]"
1289,"[0, 11, 162]"
537,"[0, 11, 162]"
1453,"[0, 11, 162]"
1115,"[0, 11, 162]"
530,"[0, 11, 162]"
1139,"[0, 11, 162]"
935,"[0, 11, 162]"
135,"[0, 11, 162]"
290,"[0, 11, 162]"
316,"[0, 11, 162]"
1150,"[0, 11, 162]"
326,"[0, 11, 162]"
18,"[0, 11, 162]"
913,"[0, 11, 162]"
274,"[0, 11, 162]"
614,"[0, 11, 162]"
484,"[0, 11, 162]"
889,"[0, 11, 162]"
1293,"[0, 11, 162]"
834,"[0, 11, 163]"
1152,"[0, 11, 163]"
382,"[0, 11, 163]"
61,"[0, 11, 163]"
704,"[0, 11, 163]"
627,"[0, 11, 163]"
1098,"[0, 11, 163]"
991,"[0, 11, 163]"
1004,"[0, 11, 163]"
558,"[0, 11, 163]"
1624,"[0, 11, 163]"
1161,"[0, 11, 163]"
1468,"[0, 11, 163]"
1014,"[0, 11, 163]"
1166,"[0, 11, 163, 164]"
1283,"[0, 11, 164]"
574,"[0, 11, 164]"
1346,"[0, 11, 164]"
1457,"[0, 11, 165]"
631,"[0, 11, 165]"
178,"[0, 11, 165]"
360,"[0, 11, 165]"
1047,"[0, 11, 165]"
1404,"[0, 11, 165]"
381,"[0, 11, 165]"
828,"[0, 11, 165]"
699,"[0, 11, 165]"
857,"[0, 11, 165]"
448,"[0, 11, 165]"
1163,"[0, 11, 165]"
1126,"[0, 11, 165]"
383,"[0, 11, 165]"
76,"[0, 11, 165]"
736,"[0, 11, 165, 213, 277]"
378,"[0, 12, 16, 173, 264]"
349,"[0, 12, 172]"
706,"[0, 12, 172]"
237,"[0, 12, 172]"
815,"[0, 12, 172]"
446,"[0, 12, 172]"
1159,"[0, 12, 172]"
263,"[0, 12, 172]"
656,"[0, 12, 172]"
1118,"[0, 12, 172]"
307,"[0, 12, 172]"
990,"[0, 12, 172]"
888,"[0, 12, 172]"
394,"[0, 12, 172]"
1554,"[0, 12, 172]"
1044,"[0, 12, 172]"
55,"[0, 12, 172]"
1102,"[0, 12, 172]"
157,"[0, 12, 173]"
1481,"[0, 12, 173]"
1218,"[0, 12, 173]"
353,"[0, 12, 173]"
1563,"[0, 12, 173]"
340,"[0, 13, 37, 41, 112, 169]"
725,"[0, 13, 37, 48, 270, 281]"
1016,"[0, 13, 169]"
374,"[0, 13, 169]"
151,"[0, 13, 169]"
952,"[0, 13, 169]"
144,"[0, 13, 169, 215]"
1603,"[0, 13, 169, 215]"
1526,"[0, 13, 169, 215]"
943,"[0, 13, 170]"
1465,"[0, 13, 170]"
634,"[0, 13, 170]"
415,"[0, 13, 170]"
266,"[0, 13, 170]"
1000,"[0, 13, 170]"
779,"[0, 13, 170]"
823,"[0, 13, 170]"
269,"[0, 13, 170]"
873,"[0, 13, 171]"
1436,"[0, 13, 171]"
848,"[0, 13, 171]"
364,"[0, 13, 171]"
1291,"[0, 13, 171]"
623,"[0, 13, 215]"
321,"[0, 13, 215]"
835,"[0, 13, 215]"
824,"[0, 13, 215]"
1340,"[0, 13, 215]"
265,"[0, 13, 215]"
1660,"[0, 13, 215]"
1119,"[0, 13, 215]"
16,"[0, 13, 215]"
1647,"[0, 13, 215]"
1714,"[0, 13, 215]"
1654,"[0, 13, 215]"
1601,"[0, 13, 215]"
164,"[0, 13, 281]"
661,"[0, 13, 281]"
1656,"[0, 13, 281]"
830,"[0, 13, 281]"
1175,"[0, 13, 281]"
1503,"[0, 13, 281]"
1633,"[0, 13, 281]"
96,"[0, 15, 177]"
317,"[0, 15, 177]"
1092,"[0, 15, 177]"
1482,"[0, 15, 177, 178]"
528,"[0, 15, 177, 178]"
338,"[0, 15, 177, 178]"
1474,"[0, 15, 177, 178]"
708,"[0, 15, 178]"
1454,"[0, 15, 178]"
1189,"[0, 15, 179]"
1256,"[0, 15, 179]"
172,"[0, 15, 179]"
1747,"[0, 15, 179]"
655,"[0, 37, 62, 87, 126, 146]"
1475,"[0, 37, 62, 87, 126, 146]"
1018,"[0, 65, 89, 133, 135, 225, 227]"
98,"[0, 87, 89, 132, 143]"
587,"[0, 87, 89, 134, 143, 146]"
731,"[0, 87, 89, 143, 273]"
1690,"[0, 87, 143]"
1358,"[0, 87, 143]"
845,"[0, 87, 143]"
1013,"[0, 87, 143]"
1450,"[0, 87, 143]"
729,"[0, 87, 143]"
233,"[0, 87, 143]"
1383,"[0, 87, 143]"
1494,"[0, 87, 143]"
1007,"[0, 87, 143]"
126,"[0, 87, 143]"
1712,"[0, 87, 143]"
665,"[0, 87, 143]"
11,"[0, 87, 143]"
1661,"[0, 87, 143]"
1613,"[0, 87, 143]"
652,"[0, 87, 143]"
548,"[0, 87, 143]"
327,"[0, 87, 143]"
1366,"[0, 87, 144]"
97,"[0, 87, 144]"
1548,"[0, 87, 144]"
1393,"[0, 87, 144]"
1031,"[0, 87, 144]"
1317,"[0, 87, 144]"
6,"[0, 87, 144]"
641,"[0, 87, 144]"
1442,"[0, 87, 144]"
654,"[0, 87, 144]"
1443,"[0, 87, 144]"
923,"[0, 87, 144]"
1522,"[0, 87, 144, 145]"
767,"[0, 87, 144, 145]"
1556,"[0, 87, 145]"
1587,"[0, 87, 145]"
1727,"[0, 87, 145]"
1176,"[0, 87, 145]"
387,"[0, 87, 145, 146]"
1372,"[0, 87, 146]"
1605,"[0, 87, 146]"
721,"[0, 89, 131]"
1288,"[0, 89, 131]"
691,"[0, 89, 131]"
180,"[0, 89, 131]"
482,"[0, 89, 131]"
1153,"[0, 89, 131]"
427,"[0, 89, 131]"
1233,"[0, 89, 131]"
1173,"[0, 89, 131]"
1417,"[0, 89, 131]"
1591,"[0, 89, 131]"
1185,"[0, 89, 131, 133, 135]"
1238,"[0, 89, 132]"
200,"[0, 89, 132]"
1249,"[0, 89, 132]"
628,"[0, 89, 132]"
893,"[0, 89, 132]"
903,"[0, 89, 132]"
1025,"[0, 89, 132]"
700,"[0, 89, 132]"
478,"[0, 89, 132]"
924,"[0, 89, 132]"
1520,"[0, 89, 132]"
598,"[0, 89, 132]"
432,"[0, 89, 132]"
1138,"[0, 89, 132]"
553,"[0, 89, 132]"
121,"[0, 89, 132]"
1088,"[0, 89, 132]"
1444,"[0, 89, 132]"
1395,"[0, 89, 132]"
992,"[0, 89, 132]"
206,"[0, 89, 132]"
619,"[0, 89, 132]"
629,"[0, 89, 132]"
395,"[0, 89, 132]"
80,"[0, 89, 132]"
1077,"[0, 89, 132]"
1428,"[0, 89, 132]"
1075,"[0, 89, 132]"
1581,"[0, 89, 132]"
1327,"[0, 89, 132]"
905,"[0, 89, 132]"
1658,"[0, 89, 132]"
733,"[0, 89, 132]"
868,"[0, 89, 132]"
626,"[0, 89, 132]"
544,"[0, 89, 132]"
1242,"[0, 89, 132]"
1763,"[0, 89, 132]"
1144,"[0, 89, 132]"
1767,"[0, 89, 132]"
1311,"[0, 89, 132]"
28,"[0, 89, 132]"
1734,"[0, 89, 132]"
1128,"[0, 89, 132]"
543,"[0, 89, 132]"
1246,"[0, 89, 132]"
1235,"[0, 89, 132]"
1101,"[0, 89, 132]"
791,"[0, 89, 132]"
1470,"[0, 89, 132]"
728,"[0, 89, 132]"
310,"[0, 89, 132]"
754,"[0, 89, 132]"
324,"[0, 89, 132]"
585,"[0, 89, 132]"
546,"[0, 89, 132]"
541,"[0, 89, 132]"
606,"[0, 89, 132]"
1355,"[0, 89, 132, 133]"
1326,"[0, 89, 132, 134]"
1360,"[0, 89, 132, 134]"
1231,"[0, 89, 132, 136]"
1143,"[0, 89, 133]"
1437,"[0, 89, 133]"
812,"[0, 89, 133]"
202,"[0, 89, 133]"
617,"[0, 89, 133]"
8,"[0, 89, 133]"
633,"[0, 89, 133]"
1169,"[0, 89, 133]"
1074,"[0, 89, 133]"
422,"[0, 89, 133]"
141,"[0, 89, 133]"
405,"[0, 89, 133]"
987,"[0, 89, 133]"
1110,"[0, 89, 133]"
244,"[0, 89, 133]"
335,"[0, 89, 133]"
1337,"[0, 89, 133]"
1023,"[0, 89, 133]"
108,"[0, 89, 133]"
696,"[0, 89, 133]"
1707,"[0, 89, 133]"
566,"[0, 89, 133]"
107,"[0, 89, 133]"
348,"[0, 89, 133]"
86,"[0, 89, 133]"
1565,"[0, 89, 133]"
895,"[0, 89, 133]"
1032,"[0, 89, 133]"
981,"[0, 89, 133]"
911,"[0, 89, 133]"
34,"[0, 89, 133]"
1626,"[0, 89, 133]"
403,"[0, 89, 133]"
1300,"[0, 89, 133]"
1611,"[0, 89, 133]"
1232,"[0, 89, 133]"
944,"[0, 89, 133]"
1207,"[0, 89, 133]"
663,"[0, 89, 133]"
1357,"[0, 89, 133]"
581,"[0, 89, 133]"
1700,"[0, 89, 133]"
469,"[0, 89, 133]"
771,"[0, 89, 133]"
1441,"[0, 89, 133]"
318,"[0, 89, 133]"
354,"[0, 89, 133]"
47,"[0, 89, 133]"
516,"[0, 89, 133]"
464,"[0, 89, 133, 134]"
622,"[0, 89, 133, 134]"
1722,"[0, 89, 133, 134]"
22,"[0, 89, 133, 134]"
230,"[0, 89, 133, 135]"
1521,"[0, 89, 133, 136]"
1367,"[0, 89, 134]"
1204,"[0, 89, 134]"
1483,"[0, 89, 134]"
669,"[0, 89, 134]"
578,"[0, 89, 134]"
1586,"[0, 89, 134]"
38,"[0, 89, 134]"
366,"[0, 89, 134]"
1322,"[0, 89, 134]"
805,"[0, 89, 134]"
1769,"[0, 89, 134]"
411,"[0, 89, 134]"
95,"[0, 89, 134]"
865,"[0, 89, 134]"
694,"[0, 89, 134]"
1671,"[0, 89, 134]"
44,"[0, 89, 134]"
825,"[0, 89, 134]"
625,"[0, 89, 134]"
1422,"[0, 89, 134]"
1205,"[0, 89, 134]"
584,"[0, 89, 134]"
170,"[0, 89, 134]"
1489,"[0, 89, 134]"
475,"[0, 89, 134]"
1305,"[0, 89, 134]"
198,"[0, 89, 134]"
1229,"[0, 89, 134]"
1167,"[0, 89, 134]"
872,"[0, 89, 134]"
1467,"[0, 89, 134]"
1104,"[0, 89, 134]"
1740,"[0, 89, 134]"
497,"[0, 89, 134]"
1321,"[0, 89, 134]"
1310,"[0, 89, 134]"
642,"[0, 89, 134]"
639,"[0, 89, 134]"
1039,"[0, 89, 134]"
847,"[0, 89, 134]"
1643,"[0, 89, 134]"
372,"[0, 89, 134]"
898,"[0, 89, 134]"
1539,"[0, 89, 134]"
1344,"[0, 89, 134]"
153,"[0, 89, 134]"
99,"[0, 89, 134]"
1330,"[0, 89, 134]"
926,"[0, 89, 134]"
1400,"[0, 89, 134]"
1675,"[0, 89, 134]"
32,"[0, 89, 134]"
994,"[0, 89, 134]"
918,"[0, 89, 134]"
1770,"[0, 89, 134]"
637,"[0, 89, 134]"
1103,"[0, 89, 134]"
844,"[0, 89, 134]"
468,"[0, 89, 134]"
1473,"[0, 89, 134, 137]"
297,"[0, 89, 135]"
1033,"[0, 89, 135]"
1471,"[0, 89, 135]"
261,"[0, 89, 135]"
1676,"[0, 89, 136]"
773,"[0, 89, 136]"
189,"[0, 89, 136]"
357,"[0, 89, 136]"
1592,"[0, 89, 136]"
1254,"[0, 89, 136]"
1567,"[0, 89, 136]"
477,"[0, 89, 136]"
1407,"[0, 89, 136]"
735,"[0, 89, 136]"
794,"[0, 89, 136]"
15,"[0, 89, 136]"
1589,"[0, 89, 137]"
67,"[0, 89, 137]"
902,"[0, 89, 137]"
966,"[0, 89, 137]"
1427,"[0, 89, 137]"
2,"[0, 89, 137]"
1029,"[0, 89, 137]"
337,"[0, 89, 137]"
1434,"[0, 89, 137]"
796,"[0, 89, 137]"
1493,"[0, 89, 137]"
960,"[0, 89, 137]"
1452,"[0, 89, 137]"
320,"[0, 89, 137]"
1538,"[0, 89, 137]"
1542,"[0, 89, 137]"
193,"[0, 89, 137]"
52,"[0, 89, 137]"
535,"[0, 89, 138]"
755,"[0, 89, 138]"
425,"[0, 89, 138]"
129,"[0, 89, 138]"
766,"[0, 89, 138]"
347,"[0, 89, 138]"
1392,"[0, 89, 138]"
503,"[0, 89, 138]"
1078,"[0, 89, 138]"
554,"[0, 89, 273]"
1378,"[0, 89, 273]"
1560,"[0, 89, 273]"
1673,"[0, 89, 273]"
1575,"[0, 89, 273]"
227,"[0, 89, 273]"
1739,"[0, 89, 273]"
509,"[0, 89, 273, 285]"
306,"[0, 89, 279]"
701,"[0, 89, 285]"
1456,"[0, 89, 285]"
624,"[0, 213, 214]"
927,"[0, 213, 214]"
1362,"[0, 213, 214]"
1466,"[0, 213, 214]"
120,"[0, 213, 214]"
1277,"[0, 213, 214]"
1100,"[0, 213, 214]"
982,"[0, 286]"
385,"[16, 17, 18, 19, 20, 91, 92]"
92,"[16, 17, 26, 91, 102]"
1416,"[16, 17, 29, 91, 180]"
1509,"[16, 17, 31, 91, 93]"
210,"[16, 17, 91]"
1164,"[16, 17, 91]"
21,"[16, 17, 91]"
104,"[16, 17, 91]"
1397,"[16, 17, 91]"
1262,"[16, 17, 91]"
1193,"[16, 17, 91]"
1190,"[16, 17, 91]"
208,"[16, 17, 91]"
842,"[16, 17, 91]"
996,"[16, 17, 91]"
659,"[16, 18, 91]"
843,"[16, 18, 91]"
1132,"[16, 18, 91]"
303,"[16, 18, 91]"
72,"[16, 19, 92]"
1758,"[16, 19, 92]"
798,"[16, 19, 92]"
1701,"[16, 19, 92]"
1191,"[16, 20, 92]"
702,"[16, 20, 92]"
675,"[16, 20, 92]"
282,"[16, 20, 92]"
1148,"[16, 20, 92]"
1203,"[16, 20, 92]"
453,"[16, 21, 37, 61, 190, 208]"
883,"[16, 21, 47, 188, 234]"
734,"[16, 21, 47, 190, 234]"
23,"[16, 21, 96, 97, 193]"
1266,"[16, 21, 186]"
435,"[16, 21, 186]"
1570,"[16, 21, 186]"
575,"[16, 21, 186]"
1059,"[16, 21, 186]"
1771,"[16, 21, 186]"
1058,"[16, 21, 187]"
474,"[16, 21, 187]"
305,"[16, 21, 187, 188]"
197,"[16, 21, 188]"
1290,"[16, 21, 188]"
74,"[16, 21, 188]"
1209,"[16, 21, 188]"
1347,"[16, 21, 188]"
75,"[16, 21, 188]"
1751,"[16, 21, 188]"
283,"[16, 21, 188]"
1386,"[16, 21, 189]"
1315,"[16, 21, 189]"
73,"[16, 21, 189]"
792,"[16, 21, 189]"
672,"[16, 21, 189]"
1651,"[16, 21, 189, 191, 246]"
1120,"[16, 21, 190]"
864,"[16, 21, 190]"
302,"[16, 21, 190]"
759,"[16, 21, 190]"
1695,"[16, 21, 190]"
105,"[16, 21, 190]"
774,"[16, 21, 191]"
1194,"[16, 21, 191]"
242,"[16, 21, 191]"
262,"[16, 21, 191]"
1498,"[16, 21, 191]"
1706,"[16, 21, 192]"
922,"[16, 21, 192]"
454,"[16, 21, 192]"
1612,"[16, 21, 192]"
809,"[16, 21, 192]"
983,"[16, 21, 192]"
1243,"[16, 21, 193]"
1389,"[16, 21, 193]"
646,"[16, 21, 193]"
1087,"[16, 21, 193]"
1320,"[16, 21, 246]"
504,"[16, 21, 265]"
772,"[16, 21, 265]"
1263,"[16, 22, 32, 93, 197]"
147,"[16, 22, 32, 93, 197]"
1663,"[16, 22, 34, 99, 195]"
1244,"[16, 22, 194]"
53,"[16, 22, 194]"
156,"[16, 22, 194]"
1183,"[16, 22, 194]"
1314,"[16, 22, 195]"
684,"[16, 22, 195]"
25,"[16, 22, 195]"
1568,"[16, 22, 195]"
1325,"[16, 22, 195]"
1674,"[16, 22, 195]"
808,"[16, 22, 195]"
723,"[16, 22, 195]"
1514,"[16, 22, 196]"
1071,"[16, 22, 196]"
1258,"[16, 22, 196]"
1,"[16, 22, 197]"
1655,"[16, 22, 244]"
1182,"[16, 22, 266]"
881,"[16, 23, 34, 96, 99]"
1162,"[16, 23, 34, 96, 99]"
752,"[16, 23, 34, 96, 99]"
513,"[16, 23, 34, 96, 99]"
980,"[16, 23, 34, 96, 99]"
738,"[16, 23, 37, 61, 96, 208]"
1348,"[16, 23, 37, 61, 96, 210, 264]"
169,"[16, 23, 96]"
182,"[16, 23, 96]"
887,"[16, 24, 34, 96, 99]"
235,"[16, 24, 96]"
573,"[16, 24, 96]"
1195,"[16, 24, 96]"
505,"[16, 25, 96]"
726,"[16, 25, 96]"
1537,"[16, 25, 96]"
391,"[16, 25, 96]"
817,"[16, 25, 96]"
1557,"[16, 25, 96]"
707,"[16, 26, 101]"
785,"[16, 26, 101]"
323,"[16, 26, 101]"
384,"[16, 26, 101]"
404,"[16, 26, 101]"
1123,"[16, 26, 101]"
1491,"[16, 26, 102]"
1067,"[16, 26, 102]"
608,"[16, 26, 102]"
1617,"[16, 26, 102]"
1134,"[16, 26, 102]"
1252,"[16, 26, 102]"
59,"[16, 26, 102]"
249,"[16, 26, 103]"
1368,"[16, 26, 103]"
1068,"[16, 26, 104]"
257,"[16, 26, 104]"
932,"[16, 27, 94]"
758,"[16, 27, 94]"
1430,"[16, 27, 94]"
1653,"[16, 27, 94]"
928,"[16, 27, 94]"
667,"[16, 27, 94]"
879,"[16, 27, 94]"
264,"[16, 27, 94]"
1271,"[16, 27, 94]"
174,"[16, 27, 94]"
27,"[16, 27, 94]"
580,"[16, 27, 94]"
1488,"[16, 27, 94]"
732,"[16, 27, 94]"
840,"[16, 28, 105]"
363,"[16, 28, 105]"
176,"[16, 28, 105]"
1607,"[16, 28, 105]"
1492,"[16, 28, 105]"
416,"[16, 28, 105]"
155,"[16, 28, 105]"
225,"[16, 28, 105]"
841,"[16, 28, 105]"
1618,"[16, 28, 105]"
1672,"[16, 28, 105]"
1726,"[16, 28, 105]"
1588,"[16, 28, 105]"
223,"[16, 28, 105]"
1510,"[16, 28, 105]"
690,"[16, 28, 105]"
836,"[16, 28, 105]"
480,"[16, 28, 105]"
322,"[16, 28, 105]"
858,"[16, 28, 105]"
1154,"[16, 28, 105]"
586,"[16, 28, 105]"
1381,"[16, 28, 105]"
433,"[16, 28, 105]"
985,"[16, 28, 105]"
1704,"[16, 28, 105]"
1659,"[16, 28, 105]"
1108,"[16, 28, 105, 107]"
917,"[16, 28, 106]"
41,"[16, 28, 106]"
514,"[16, 28, 106]"
555,"[16, 28, 106]"
1034,"[16, 28, 106]"
63,"[16, 28, 106]"
1184,"[16, 28, 107]"
760,"[16, 28, 107]"
933,"[16, 28, 107]"
741,"[16, 28, 107]"
551,"[16, 29, 31, 36, 93]"
1080,"[16, 29, 31, 36, 93]"
1274,"[16, 29, 31, 36, 93, 180, 181]"
1269,"[16, 29, 33, 36, 94, 95]"
1772,"[16, 29, 36]"
1091,"[16, 29, 36]"
590,"[16, 29, 36]"
1020,"[16, 29, 36]"
521,"[16, 29, 36]"
955,"[16, 29, 36]"
1125,"[16, 29, 36]"
1011,"[16, 29, 36]"
1692,"[16, 29, 36]"
87,"[16, 29, 36]"
949,"[16, 29, 36]"
1230,"[16, 29, 36, 180]"
915,"[16, 29, 36, 180]"
1687,"[16, 29, 36, 180]"
880,"[16, 29, 37, 41, 112, 181]"
1038,"[16, 29, 37, 51, 112, 180]"
591,"[16, 29, 91, 180, 181, 182, 216]"
472,"[16, 29, 93, 182, 274]"
826,"[16, 29, 180]"
112,"[16, 29, 180]"
1519,"[16, 29, 180]"
1733,"[16, 29, 180]"
130,"[16, 29, 180]"
284,"[16, 29, 180]"
361,"[16, 29, 180]"
312,"[16, 29, 180]"
490,"[16, 29, 180]"
1558,"[16, 29, 180, 181, 182]"
780,"[16, 29, 181]"
1002,"[16, 29, 181]"
485,"[16, 29, 181, 182]"
1640,"[16, 29, 182]"
572,"[16, 29, 182]"
1186,"[16, 29, 255]"
610,"[16, 30, 93]"
1180,"[16, 30, 93]"
1107,"[16, 30, 93]"
545,"[16, 30, 93]"
457,"[16, 30, 93]"
882,"[16, 30, 93]"
804,"[16, 30, 93]"
620,"[16, 30, 93]"
1469,"[16, 30, 93]"
1564,"[16, 30, 93]"
1678,"[16, 30, 93]"
377,"[16, 30, 93]"
1644,"[16, 30, 93]"
1021,"[16, 30, 93]"
593,"[16, 31, 37, 41, 53, 93, 108, 112]"
341,"[16, 31, 93]"
1210,"[16, 31, 93]"
833,"[16, 31, 93]"
1255,"[16, 31, 93]"
1543,"[16, 31, 93]"
954,"[16, 31, 93]"
1212,"[16, 31, 93]"
1267,"[16, 31, 93]"
1136,"[16, 31, 93]"
1759,"[16, 31, 93]"
839,"[16, 31, 93]"
1553,"[16, 31, 93]"
939,"[16, 31, 93]"
460,"[16, 31, 93]"
813,"[16, 31, 93]"
520,"[16, 31, 93]"
287,"[16, 31, 93]"
1260,"[16, 31, 93]"
421,"[16, 31, 93]"
797,"[16, 31, 93]"
1677,"[16, 31, 93]"
1615,"[16, 31, 93]"
4,"[16, 31, 93]"
285,"[16, 31, 93]"
1178,"[16, 31, 93]"
757,"[16, 31, 93]"
972,"[16, 31, 93]"
5,"[16, 31, 93]"
1245,"[16, 31, 93]"
1585,"[16, 31, 93]"
29,"[16, 31, 93]"
540,"[16, 31, 93]"
1746,"[16, 31, 93]"
1060,"[16, 31, 93]"
1146,"[16, 31, 93]"
1096,"[16, 31, 93]"
1460,"[16, 31, 93]"
1282,"[16, 32, 93]"
921,"[16, 32, 93]"
658,"[16, 32, 93]"
501,"[16, 32, 93]"
1517,"[16, 32, 93]"
60,"[16, 32, 93]"
36,"[16, 32, 93]"
1495,"[16, 32, 93]"
1199,"[16, 32, 93]"
315,"[16, 32, 93]"
1236,"[16, 32, 93]"
465,"[16, 33, 94]"
863,"[16, 33, 94]"
644,"[16, 33, 94]"
122,"[16, 33, 94]"
1596,"[16, 33, 94]"
1662,"[16, 33, 94]"
259,"[16, 33, 94]"
429,"[16, 33, 94]"
20,"[16, 33, 94]"
937,"[16, 33, 94]"
1419,"[16, 33, 94]"
291,"[16, 33, 94]"
1484,"[16, 33, 94]"
1512,"[16, 33, 94]"
1168,"[16, 34, 99]"
1579,"[16, 34, 99]"
388,"[16, 34, 99]"
419,"[16, 34, 99]"
506,"[16, 34, 100]"
621,"[16, 34, 100]"
967,"[16, 34, 267]"
1418,"[16, 34, 267]"
370,"[16, 35, 93]"
1642,"[16, 35, 93]"
325,"[16, 35, 93]"
1237,"[16, 35, 93]"
66,"[16, 35, 93]"
1523,"[16, 35, 93]"
132,"[16, 37, 47, 60, 207, 269]"
248,"[16, 37, 96, 97, 201, 202]"
1421,"[16, 47, 232]"
1208,"[16, 47, 232]"
989,"[16, 47, 232]"
1089,"[16, 47, 232]"
216,"[16, 47, 232]"
1408,"[16, 47, 232]"
680,"[16, 47, 232]"
1338,"[16, 47, 232]"
1079,"[16, 47, 232]"
953,"[16, 47, 232]"
1502,"[16, 47, 232]"
300,"[16, 47, 233]"
1299,"[16, 47, 233]"
945,"[16, 47, 235]"
1448,"[16, 47, 269]"
412,"[16, 47, 269]"
749,"[16, 91, 216]"
599,"[16, 91, 216]"
784,"[16, 91, 216]"
1402,"[16, 91, 216]"
951,"[16, 92, 183]"
1760,"[16, 92, 183]"
431,"[16, 92, 185]"
660,"[16, 92, 185]"
299,"[16, 92, 185]"
908,"[16, 92, 185]"
158,"[16, 93, 243]"
1718,"[16, 93, 251]"
1316,"[16, 93, 274]"
1623,"[16, 94, 95]"
1012,"[16, 94, 95]"
476,"[16, 94, 95]"
1275,"[16, 96, 97]"
179,"[16, 96, 97]"
352,"[16, 96, 98]"
1387,"[16, 184, 252]"
124,"[16, 184, 252, 253]"
1480,"[16, 184, 253]"
1241,"[16, 184, 253]"
148,"[16, 184, 253]"
1632,"[16, 184, 253]"
355,"[16, 184, 253]"
114,"[16, 184, 253]"
1745,"[16, 184, 253]"
486,"[16, 184, 254]"
508,"[37, 38, 200]"
1536,"[37, 39, 40]"
662,"[37, 39, 40]"
1308,"[37, 39, 40]"
243,"[37, 39, 40]"
539,"[37, 39, 40]"
1715,"[37, 39, 40]"
1072,"[37, 39, 40]"
862,"[37, 39, 40]"
1042,"[37, 39, 40]"
1535,"[37, 39, 40]"
496,"[37, 39, 40]"
1334,"[37, 39, 40, 114]"
1616,"[37, 40, 42]"
744,"[37, 40, 42]"
1703,"[37, 40, 42]"
1691,"[37, 40, 42]"
688,"[37, 40, 42]"
1380,"[37, 40, 42]"
434,"[37, 40, 42]"
666,"[37, 40, 42]"
909,"[37, 40, 42]"
329,"[37, 40, 42]"
709,"[37, 40, 44]"
456,"[37, 40, 44]"
1753,"[37, 40, 44]"
1064,"[37, 40, 44]"
1571,"[37, 40, 44]"
1302,"[37, 40, 44]"
467,"[37, 40, 44]"
1508,"[37, 40, 44]"
896,"[37, 40, 44]"
397,"[37, 40, 46, 201, 241]"
984,"[37, 40, 49, 108, 117]"
1614,"[37, 40, 53, 108, 117]"
988,"[37, 40, 53, 108, 117]"
563,"[37, 40, 53, 108, 117]"
1273,"[37, 40, 108, 109, 241]"
832,"[37, 40, 114]"
113,"[37, 40, 114]"
671,"[37, 40, 114]"
1279,"[37, 40, 114]"
418,"[37, 40, 114]"
390,"[37, 40, 114]"
423,"[37, 40, 114]"
380,"[37, 40, 115]"
1285,"[37, 40, 115]"
1403,"[37, 40, 115]"
1725,"[37, 40, 115]"
705,"[37, 40, 115]"
717,"[37, 40, 115]"
1063,"[37, 40, 115]"
957,"[37, 40, 115]"
1708,"[37, 40, 115]"
493,"[37, 40, 115]"
1113,"[37, 40, 115]"
62,"[37, 40, 115, 117]"
1597,"[37, 40, 115, 241]"
1370,"[37, 40, 116]"
998,"[37, 40, 116]"
1669,"[37, 40, 116]"
159,"[37, 40, 116]"
571,"[37, 40, 116]"
376,"[37, 40, 116]"
167,"[37, 40, 116]"
1359,"[37, 40, 116]"
1170,"[37, 40, 116]"
331,"[37, 40, 116]"
518,"[37, 40, 116]"
1117,"[37, 40, 116, 241]"
212,"[37, 40, 117]"
500,"[37, 40, 117]"
592,"[37, 40, 117]"
188,"[37, 40, 117]"
577,"[37, 40, 117]"
668,"[37, 40, 117]"
1228,"[37, 40, 117]"
568,"[37, 40, 117]"
134,"[37, 40, 117]"
1272,"[37, 40, 117]"
856,"[37, 40, 117]"
818,"[37, 40, 117]"
258,"[37, 40, 241]"
1435,"[37, 40, 241]"
137,"[37, 40, 241]"
91,"[37, 40, 241]"
892,"[37, 40, 241]"
876,"[37, 40, 241]"
638,"[37, 40, 241]"
1396,"[37, 40, 241]"
975,"[37, 40, 241]"
740,"[37, 40, 241]"
1066,"[37, 41, 112]"
816,"[37, 41, 112]"
756,"[37, 41, 112]"
228,"[37, 41, 112]"
123,"[37, 41, 112]"
408,"[37, 41, 112]"
1743,"[37, 41, 112]"
1200,"[37, 41, 112]"
1735,"[37, 41, 112]"
1009,"[37, 41, 112]"
1050,"[37, 41, 112]"
993,"[37, 41, 112]"
1365,"[37, 41, 112]"
971,"[37, 41, 112]"
1622,"[37, 41, 112]"
1298,"[37, 41, 112]"
0,"[37, 41, 112]"
1083,"[37, 41, 112]"
565,"[37, 41, 112]"
1331,"[37, 41, 112]"
1379,"[37, 41, 112]"
77,"[37, 41, 112, 113, 257, 276]"
768,"[37, 41, 112, 257]"
1609,"[37, 43, 118]"
207,"[37, 43, 118]"
718,"[37, 43, 118]"
778,"[37, 43, 118]"
1689,"[37, 43, 118]"
885,"[37, 43, 119]"
1073,"[37, 43, 119]"
1487,"[37, 43, 119]"
914,"[37, 43, 119, 120]"
1356,"[37, 43, 120]"
525,"[37, 43, 120]"
466,"[37, 43, 120]"
492,"[37, 43, 120]"
1147,"[37, 43, 120]"
330,"[37, 43, 121]"
676,"[37, 45, 198]"
1711,"[37, 45, 198]"
436,"[37, 45, 198]"
309,"[37, 45, 198]"
1650,"[37, 45, 198]"
940,"[37, 45, 198]"
510,"[37, 45, 198]"
1247,"[37, 45, 198]"
185,"[37, 45, 198]"
547,"[37, 45, 198, 248, 249, 250, 280]"
215,"[37, 45, 199]"
1188,"[37, 45, 199]"
1440,"[37, 46, 201]"
1533,"[37, 46, 201]"
1318,"[37, 46, 201]"
396,"[37, 46, 201, 203]"
68,"[37, 48, 124]"
997,"[37, 48, 124]"
181,"[37, 48, 124]"
1097,"[37, 48, 124]"
657,"[37, 48, 125]"
850,"[37, 48, 125]"
1174,"[37, 48, 125]"
1754,"[37, 48, 125]"
481,"[37, 48, 125]"
1301,"[37, 48, 125]"
693,"[37, 48, 125]"
750,"[37, 49, 53, 56, 108, 109, 205]"
603,"[37, 49, 53, 108]"
103,"[37, 49, 108]"
1652,"[37, 49, 108]"
958,"[37, 49, 108]"
969,"[37, 49, 108]"
1529,"[37, 49, 108]"
1756,"[37, 49, 108]"
439,"[37, 49, 108]"
1445,"[37, 49, 108]"
1394,"[37, 50, 110]"
1158,"[37, 50, 110]"
1127,"[37, 51, 55, 59, 112, 201, 207]"
1449,"[37, 51, 112]"
763,"[37, 51, 112]"
1333,"[37, 51, 112]"
238,"[37, 51, 112]"
449,"[37, 51, 112]"
1276,"[37, 51, 112]"
1506,"[37, 51, 112]"
1432,"[37, 51, 112]"
1181,"[37, 51, 112]"
199,"[37, 51, 112]"
71,"[37, 51, 112]"
1306,"[37, 51, 112]"
304,"[37, 51, 112]"
1319,"[37, 51, 112]"
1500,"[37, 51, 112, 113]"
1015,"[37, 52, 110]"
904,"[37, 52, 110]"
1084,"[37, 52, 110]"
1041,"[37, 52, 110]"
1070,"[37, 53, 108]"
221,"[37, 53, 108]"
495,"[37, 53, 108]"
560,"[37, 53, 108]"
1409,"[37, 53, 108]"
1766,"[37, 53, 108]"
56,"[37, 53, 108]"
1027,"[37, 53, 108]"
1202,"[37, 54, 61, 200, 208]"
19,"[37, 54, 200]"
1398,"[37, 54, 200]"
424,"[37, 54, 200]"
1534,"[37, 54, 200]"
1382,"[37, 54, 200]"
930,"[37, 54, 200]"
1720,"[37, 54, 200]"
430,"[37, 54, 200]"
959,"[37, 54, 200, 257]"
260,"[37, 55, 201]"
742,"[37, 55, 201]"
1688,"[37, 55, 201]"
1761,"[37, 55, 201]"
177,"[37, 55, 201]"
1410,"[37, 55, 201]"
936,"[37, 55, 201, 202]"
444,"[37, 56, 204]"
1341,"[37, 56, 204]"
963,"[37, 56, 204]"
965,"[37, 56, 204]"
1374,"[37, 56, 204]"
1577,"[37, 56, 204]"
1682,"[37, 56, 204]"
139,"[37, 56, 204]"
279,"[37, 56, 204]"
1593,"[37, 56, 204]"
977,"[37, 56, 205]"
605,"[37, 56, 205]"
288,"[37, 56, 206]"
1111,"[37, 56, 206]"
564,"[37, 57, 60, 207]"
570,"[37, 57, 207]"
35,"[37, 57, 207]"
517,"[37, 57, 207]"
861,"[37, 57, 207]"
494,"[37, 57, 207]"
1234,"[37, 57, 207]"
1215,"[37, 57, 207]"
168,"[37, 57, 207]"
1122,"[37, 57, 207]"
1361,"[37, 57, 207]"
884,"[37, 57, 207]"
822,"[37, 57, 207]"
409,"[37, 57, 207]"
686,"[37, 57, 207]"
1412,"[37, 58, 207]"
838,"[37, 58, 207]"
1312,"[37, 58, 207]"
724,"[37, 58, 207]"
1156,"[37, 58, 207]"
853,"[37, 58, 207]"
819,"[37, 59, 207]"
1665,"[37, 59, 207]"
1017,"[37, 59, 207]"
280,"[37, 59, 207]"
1086,"[37, 59, 207]"
1036,"[37, 60, 63, 207, 211]"
128,"[37, 60, 63, 207, 211]"
875,"[37, 60, 63, 207, 212]"
552,"[37, 60, 63, 207, 212]"
897,"[37, 60, 63, 207, 212]"
1220,"[37, 60, 63, 207, 212]"
1679,"[37, 60, 63, 207, 212]"
428,"[37, 60, 63, 207, 271]"
406,"[37, 60, 63, 207, 271]"
1748,"[37, 60, 63, 207, 271]"
877,"[37, 60, 63, 207, 271]"
1251,"[37, 60, 207]"
37,"[37, 60, 207]"
1477,"[37, 60, 207]"
681,"[37, 60, 207]"
1765,"[37, 60, 207]"
604,"[37, 60, 207]"
271,"[37, 60, 207]"
1699,"[37, 60, 207]"
1353,"[37, 60, 207]"
14,"[37, 60, 207]"
743,"[37, 60, 207]"
1549,"[37, 60, 207]"
1048,"[37, 60, 207]"
1486,"[37, 61, 208]"
1121,"[37, 61, 208]"
1239,"[37, 61, 208]"
101,"[37, 61, 208]"
313,"[37, 61, 208]"
1303,"[37, 61, 208]"
894,"[37, 61, 208]"
1636,"[37, 61, 208]"
1744,"[37, 61, 208]"
1171,"[37, 61, 208]"
250,"[37, 61, 208]"
807,"[37, 61, 208]"
649,"[37, 61, 208]"
145,"[37, 61, 208]"
1354,"[37, 61, 208]"
829,"[37, 61, 208]"
1003,"[37, 61, 208, 257]"
934,"[37, 61, 209]"
308,"[37, 61, 209]"
332,"[37, 61, 209]"
1052,"[37, 61, 209]"
1287,"[37, 61, 209]"
964,"[37, 61, 209]"
1278,"[37, 61, 209]"
231,"[37, 61, 210]"
9,"[37, 61, 210]"
339,"[37, 62, 64, 123, 128]"
1264,"[37, 62, 126]"
386,"[37, 62, 126]"
722,"[37, 62, 126]"
1666,"[37, 62, 126]"
1329,"[37, 62, 126]"
1227,"[37, 62, 126]"
401,"[37, 62, 126]"
1544,"[37, 62, 126]"
1129,"[37, 62, 126]"
643,"[37, 62, 126]"
295,"[37, 62, 126]"
1019,"[37, 62, 126]"
519,"[37, 62, 126]"
1062,"[37, 62, 126]"
678,"[37, 62, 126]"
351,"[37, 62, 126]"
1518,"[37, 62, 127]"
1580,"[37, 62, 127]"
375,"[37, 62, 128]"
488,"[37, 62, 128]"
811,"[37, 62, 128]"
770,"[37, 62, 128]"
1222,"[37, 62, 129]"
801,"[37, 62, 129]"
855,"[37, 62, 129]"
116,"[37, 62, 129]"
1737,"[37, 62, 129]"
1201,"[37, 62, 129]"
367,"[37, 62, 129]"
1578,"[37, 62, 130]"
810,"[37, 62, 139]"
461,"[37, 62, 139]"
607,"[37, 62, 139]"
311,"[37, 62, 139]"
948,"[37, 62, 139]"
502,"[37, 62, 139]"
1728,"[37, 62, 139]"
1401,"[37, 62, 139]"
1472,"[37, 62, 139]"
1057,"[37, 62, 139]"
615,"[37, 62, 139]"
1137,"[37, 62, 139]"
470,"[37, 62, 139]"
720,"[37, 62, 139]"
860,"[37, 62, 139]"
33,"[37, 62, 139]"
163,"[37, 62, 139]"
907,"[37, 62, 139]"
910,"[37, 62, 139]"
1219,"[37, 62, 139]"
50,"[37, 62, 139]"
336,"[37, 62, 139]"
782,"[37, 62, 139]"
90,"[37, 62, 139]"
579,"[37, 62, 139]"
1461,"[37, 62, 139]"
999,"[37, 62, 139]"
1527,"[37, 62, 139]"
1313,"[37, 62, 139]"
831,"[37, 62, 139]"
1335,"[37, 62, 139]"
438,"[37, 62, 139]"
149,"[37, 62, 139]"
802,"[37, 63, 211]"
222,"[37, 63, 212]"
69,"[37, 63, 212]"
267,"[37, 63, 212]"
246,"[37, 63, 212]"
1294,"[37, 64, 122]"
483,"[37, 64, 122]"
1649,"[37, 64, 122]"
39,"[37, 64, 122]"
57,"[37, 64, 122]"
538,"[37, 64, 122]"
647,"[37, 64, 122]"
1270,"[37, 64, 122]"
252,"[37, 64, 122]"
1406,"[37, 64, 123]"
1694,"[37, 64, 123]"
186,"[37, 64, 123]"
1261,"[37, 64, 123]"
43,"[37, 64, 123]"
751,"[37, 64, 123]"
1377,"[37, 64, 123]"
961,"[37, 64, 123]"
1723,"[37, 64, 123]"
7,"[37, 64, 123]"
1668,"[37, 64, 123]"
187,"[37, 64, 123]"
1145,"[37, 64, 123]"
443,"[37, 64, 123]"
1352,"[37, 64, 123]"
192,"[37, 64, 123]"
133,"[37, 64, 123]"
651,"[37, 64, 123]"
1116,"[37, 64, 123]"
1045,"[37, 64, 123]"
695,"[37, 64, 282]"
211,"[37, 64, 282]"
319,"[37, 64, 283]"
870,"[37, 64, 283]"
1043,"[37, 108, 109]"
534,"[37, 108, 109]"
100,"[37, 108, 287]"
906,"[37, 110, 111]"
1576,"[37, 110, 111]"
1762,"[37, 110, 111]"
1211,"[37, 110, 111]"
1425,"[37, 110, 111]"
173,"[37, 110, 111]"
1304,"[37, 110, 111]"
389,"[37, 110, 111]"
1124,"[37, 110, 111]"
1187,"[37, 110, 111]"
1112,"[37, 110, 111]"
81,"[37, 110, 111]"
275,"[37, 110, 111]"
745,"[37, 110, 247]"
677,"[37, 110, 247]"
653,"[37, 110, 247]"
611,"[37, 110, 275]"
788,"[37, 112, 113]"
487,"[37, 112, 113]"
1721,"[37, 112, 113]"
1040,"[37, 112, 113]"
219,"[37, 112, 245]"
1717,"[37, 112, 245]"
899,"[37, 112, 245]"
1459,"[37, 201, 202]"
1055,"[37, 201, 202]"
1584,"[37, 201, 202]"
65,"[37, 201, 202]"
679,"[37, 201, 202]"
1024,"[37, 201, 202]"
1296,"[37, 268]"
1684,"[65, 66, 79, 219, 223]"
588,"[65, 66, 219]"
88,"[65, 66, 219]"
1439,"[65, 66, 219]"
683,"[65, 66, 219]"
664,"[65, 66, 219]"
1516,"[65, 66, 219]"
1630,"[65, 66, 219]"
1250,"[65, 66, 219]"
10,"[65, 66, 219]"
196,"[65, 66, 219]"
293,"[65, 66, 219]"
150,"[65, 66, 219]"
286,"[65, 66, 219]"
569,"[65, 66, 219]"
542,"[65, 67, 69, 219, 223]"
1627,"[65, 67, 219]"
986,"[65, 67, 219]"
1731,"[65, 67, 219]"
82,"[65, 67, 219]"
869,"[65, 67, 219]"
1546,"[65, 67, 219]"
1540,"[65, 68, 73, 223]"
1198,"[65, 68, 223]"
479,"[65, 68, 223]"
1606,"[65, 68, 223]"
365,"[65, 68, 223]"
247,"[65, 68, 223]"
1028,"[65, 68, 223]"
1105,"[65, 68, 223]"
871,"[65, 69, 71, 73, 79, 223]"
576,"[65, 69, 223]"
1451,"[65, 69, 223]"
1259,"[65, 69, 223]"
795,"[65, 69, 223]"
1223,"[65, 69, 223]"
618,"[65, 69, 223]"
1566,"[65, 70, 219, 221, 223]"
393,"[65, 70, 223]"
1001,"[65, 70, 223]"
962,"[65, 70, 223]"
946,"[65, 70, 223]"
1719,"[65, 70, 223]"
1307,"[65, 70, 223]"
455,"[65, 70, 223]"
814,"[65, 70, 223]"
1458,"[65, 70, 223]"
703,"[65, 70, 223]"
1157,"[65, 70, 223]"
670,"[65, 70, 223]"
166,"[65, 70, 223]"
748,"[65, 71, 223]"
1724,"[65, 71, 223]"
1213,"[65, 71, 223]"
978,"[65, 71, 223]"
776,"[65, 71, 223]"
241,"[65, 71, 223]"
229,"[65, 72, 223]"
1599,"[65, 72, 223]"
1768,"[65, 72, 223]"
140,"[65, 72, 223]"
526,"[65, 73, 223]"
165,"[65, 73, 223]"
968,"[65, 73, 223]"
730,"[65, 73, 223]"
1698,"[65, 73, 223]"
234,"[65, 73, 223]"
916,"[65, 73, 223]"
640,"[65, 73, 223]"
489,"[65, 73, 223]"
821,"[65, 73, 223]"
245,"[65, 74, 225]"
1165,"[65, 74, 225]"
1710,"[65, 74, 225]"
1628,"[65, 74, 225]"
1216,"[65, 75, 225]"
1177,"[65, 75, 225]"
407,"[65, 75, 225]"
93,"[65, 75, 225]"
1295,"[65, 75, 225]"
1738,"[65, 75, 225]"
682,"[65, 75, 225]"
462,"[65, 75, 225]"
761,"[65, 75, 225]"
1345,"[65, 75, 225]"
714,"[65, 75, 225]"
1551,"[65, 75, 225]"
1716,"[65, 76, 225]"
1562,"[65, 76, 225]"
1323,"[65, 76, 225]"
42,"[65, 76, 225]"
1328,"[65, 77, 217]"
1463,"[65, 77, 217]"
1755,"[65, 77, 217]"
1391,"[65, 77, 217]"
602,"[65, 77, 217]"
1507,"[65, 77, 217]"
687,"[65, 77, 218]"
713,"[65, 77, 218]"
253,"[65, 77, 218]"
30,"[65, 77, 218]"
194,"[65, 77, 218]"
213,"[65, 77, 218]"
1610,"[65, 77, 218]"
1646,"[65, 77, 272]"
567,"[65, 78, 223]"
1736,"[65, 78, 223]"
110,"[65, 78, 223]"
1253,"[65, 78, 223]"
1082,"[65, 78, 223]"
613,"[65, 78, 223]"
51,"[65, 78, 223]"
852,"[65, 78, 223]"
1501,"[65, 78, 223]"
24,"[65, 79, 219, 220, 223]"
1634,"[65, 79, 219, 220, 223]"
1099,"[65, 79, 223]"
511,"[65, 79, 223]"
1513,"[65, 80, 223]"
1525,"[65, 80, 223]"
499,"[65, 80, 223]"
698,"[65, 80, 223]"
26,"[65, 80, 223]"
1757,"[65, 81, 223]"
1645,"[65, 81, 223, 224]"
296,"[65, 219, 220]"
789,"[65, 219, 220]"
255,"[65, 219, 221]"
1010,"[65, 219, 221]"
1151,"[65, 219, 221]"
1582,"[65, 219, 222]"
48,"[65, 219, 222]"
522,"[65, 223, 224]"
636,"[65, 223, 224]"
1324,"[65, 223, 224]"
1343,"[65, 223, 224]"
371,"[65, 223, 224]"
1056,"[65, 223, 224]"
1505,"[65, 223, 224]"
426,"[65, 223, 224]"
1686,"[65, 223, 224]"
117,"[65, 223, 224]"
851,"[65, 223, 224]"
138,"[65, 223, 224, 225, 228]"
1172,"[65, 223, 284]"
1742,"[65, 223, 284]"
1621,"[65, 223, 284]"
1569,"[65, 223, 284]"
1217,"[65, 225, 226]"
523,"[65, 225, 226]"
1030,"[65, 225, 226]"
890,"[65, 225, 226]"
557,"[65, 225, 226]"
859,"[65, 225, 227]"
1696,"[65, 225, 227]"
532,"[65, 225, 227]"
217,"[65, 225, 227]"
1375,"[65, 225, 227]"
1528,"[65, 225, 227]"
920,"[65, 225, 227]"
1081,"[65, 225, 228]"
1280,"[65, 225, 228]"
1749,"[65, 225, 228]"
1545,"[65, 225, 228]"
1281,"[65, 225, 278]"
1094,"[82, 83, 88]"
1297,"[82, 84, 229]"
1511,"[82, 84, 229, 231]"
1478,"[82, 84, 230]"
175,"[82, 84, 230]"
398,"[82, 85, 236]"
800,"[82, 86, 242]"
711,"[82, 90, 237]"
762,"[82, 90, 237]"
1573,"[82, 90, 237, 238]"
524,"[82, 90, 239]"
1206,"[82, 90, 239]"
218,"[82, 90, 240]"
294,[257]
1572,[257]
1479,[257]
