0,Number
1,BIDMAS
2,Upper and Lower Bounds
3,Calculator Use
4,Decimals
5,"Factors, Multiples and Primes"
6,"Fractions, Decimals and Percentage Equivalence"
7,Fractions
8,"Indices, Powers and Roots"
9,Basic Money
10,Negative Numbers
11,Percentages
12,Proportion
13,Ratio
14,Standard Form
15,Surds
16,Algebra
17,Expanding Single Brackets
18,Expanding Double Brackets
19,Factorising into a Single Bracket
20,Factorising into a Double Bracket
21,Straight Line Graphs
22,Quadratic Graphs
23,Graphs of Trigonometric Functions
24,Cubics and Reciprocals
25,Real Life Graphs
26,Inequalities
27,Rearranging Formula and Equations
28,Sequences
29,Writing and Simplifying Expressions
30,Simultaneous Equations
31,Linear Equations
32,Quadratic Equations
33,Substitution into Formula
34,Transformation of Functions
35,Trial and Improvement and Iterative Methods
36,Writing Expressions
37,Geometry and Measure
38,3D Pythagoras
39,"Types, Naming and Estimating"
40,Angles
41,Area of Simple Shapes
42,Bearings
43,Circles
44,Circle Theorems
45,Compound Measures
46,Congruency in Triangles
47,Co-ordinates
48,"Construction, Loci and Scale Drawing"
49,Properties of Polygons
50,Nets
51,Perimeter
52,Plans and Elevations
53,Properties of Quadrilaterals
54,2D Pythagoras
55,Length Scale Factors in Similar Shapes
56,Symmetry
57,Reflection
58,Rotation
59,Enlargement
60,Translation and Vectors
61,Basic Trigonometry
62,Units of Measurement
63,Basic Vectors
64,Volume and Surface Area
65,Data and Statistics
66,"Averages (mean, median, mode) from a List of Data"
67,Averages and Range from Grouped Data
68,Box Plots
69,Cumulative Frequency Diagram
70,Block Graphs and Bar Charts
71,Histogram
72,Pictogram
73,Pie Chart
74,Experimental Probability and Relative Frequency
75,Probability of Single Events
76,Tree Diagrams with Dependent Events
77,Data Collection
78,Scatter Diagram
79,Stem and Leaf Diagram
80,Time Series and Line Graphs
81,Two Way Tables
82,Advanced Pure
83,Factor Theorem
84,Differentiation
85,Exponentials and Logarithms
86,Matrices
87,Rounding and Estimating
88,Advanced Algebra
89,Basic Arithmetic
90,Functions
91,Expanding Brackets
92,Factorising
93,Solving Equations
94,Formula
95,Writing Formula
96,Other Graphs
97,Equation of a Circle
98,Graphs of Exponentials and Other Powers of x
99,Transformations of functions in the form y =
100,Transformations of functions in the form f(x)
101,Inequalities on Number Lines
102,Solving Linear Inequalities
103,Graphing Linear Inequalities (Shading Regions)
104,Solving Quadratic Inequalities
105,Linear Sequences (nth term)
106,Quadratic Sequences
107,Other Sequences
108,2D Names and Properties of Shapes
109,Properties of Triangles
110,3D Shapes
111,Names and Properties of 3D Shapes
112,Perimeter and Area
113,Compound Area
114,Measuring Angles
115,"Basic Angle Facts (straight line, opposite, around a point, etc)"
116,Angle Facts with Parallel Lines
117,Angles in Polygons
118,Parts of a Circle
119,Circumference
120,Area of a Circle
121,Sectors of a Circle
122,Surface Area of Prisms
123,Volume of Prisms
124,Construct Angle and Line Bisectors
125,Loci Scenarios
126,Length Units
127,Area Units
128,Volume and Capacity Units
129,Weight Units
130,Temperature units
131,Counting
132,Place Value
133,Mental Addition and Subtraction
134,Mental Multiplication and Division
135,Written Addition
136,Written Subtraction
137,Written Multiplication
138,Written Division
139,Time
140,Ordering Negative Numbers
141,Adding and Subtracting Negative Numbers
142,Multiplying and Dividing Negative Numbers
143,"Rounding to the Nearest Whole (10, 100, etc)"
144,Rounding to Decimal Places
145,Rounding to Significant Figures
146,Estimation
147,Basic Calculator Use
148,Factors and Highest Common Factor
149,Multiples and Lowest Common Multiple
150,Prime Numbers and Prime Factors
151,Ordering Decimals
152,Adding and Subtracting with Decimals
153,Multiplying and Dividing with Decimals
154,Fractions of an Amount
155,Equivalent Fractions
156,Simplifying Fractions
157,Ordering Fractions
158,Converting Mixed Number and Improper Fractions
159,Adding and Subtracting Fractions
160,Multiplying Fractions
161,Dividing Fractions
162,Percentages of an Amount
163,Percentage Increase and Decrease
164,Reverse Percentages (Original Amount)
165,Repeated Percentages and Compound Interest
166,Converting between Fractions and Decimals
167,Converting between Fractions and Percentages
168,Converting between Decimals and Percentages
169,Simplifying and Equivalent Ratios
170,Sharing in a Ratio
171,Find Missing Quantities
172,Direct Proportion
173,Indirect (Inverse) Proportion
174,"Squares, Cubes, etc"
175,"Square Roots, Cube Roots, etc"
176,Laws of Indices
177,Simplifying Surds
178,Operations with Surds
179,Rationalising the Denominator
180,Simplifying Expressions by Collecting Like Terms
181,Multiplying Terms
182,Dividing Terms
183,Difference of Two Squares
184,Algebraic Fractions
185,Completing the Square
186,Plotting Lines from Tables of Values
187,Horizontal and Vertical Lines
188,Finding the Equation of a Line
189,Finding the Gradient and Intercept of a Line from the Equation
190,Gradient as change in y over change in x
191,Parallel Lines
192,Perpendicular Lines
193,Graphical Solution of Simultaneous Equations
194,Plotting Quadratics from Tables of Values
195,Sketching from Factorised Form
196,Sketching from Completing the Square Form
197,Graphical Solution of Quadratic Equations
198,"Speed, Distance, Time"
199,Density
200,Pythagoras
201,Similarity and Congruency
202,"Length, Area and Volume Scale Factors"
203,Congruency in Other Shapes
204,Line Symmetry
205,Rotational Symmetry
206,3D Plane Symmetry
207,Transformations
208,Right-angled Triangles (SOHCAHTOA)
209,Non Right-angled Triangles (Sine and Cosine Rules)
210,Exact Values of Trigonometric Ratios
211,Add and Subtract Vectors
212,Vector Geometry
213,Money
214,Currency Conversions
215,Writing Ratios
216,Expanding Triple Brackets and more
217,Tally Charts
218,Types of Data and Questionnaires
219,Data Processing
220,Range and Interquartile Range from a List of Data
221,Averages and Range from Frequency Table
222,Interpreting and Comparing Data using Averages and Range
223,Data Representation
224,Venn Diagrams
225,Probability
226,Combined Events
227,Tree Diagrams with Independent Events
228,Probability with Venn Diagrams
229,Finding the Gradient
230,Finding Maximums and Minimums
231,Equations of Tangents
232,Naming Co-ordinates in 2D
233,Midpoint Between Two Co-ordinates
234,Gradient Between Two Co-ordinates
235,Distance Between Two Co-ordinates
236,Laws of Logarithms
237,Function Notation
238,Domain and Range
239,Inverse Functions
240,Composite Functions
241,Angles in Triangles
242,Addition and Subtraction of Matrices
243,Function Machines
244,Relating Quadratic Graphs to the Discriminant
245,Missing Lengths
246,Co-ordinate Geometry with Straight Lines
247,Isometric Drawings
248,Physics
249,Forces and Motion
250,Speed and Distance-Time graphs
251,Solving Trigonometric Equations
252,Simplifying Algebraic Fractions
253,Adding and Subtracting Algebraic Fractions
254,Solving Equations with Algebraic Fractions
255,Algebraic Proof
256,Recurring Decimals to Fractions
257,Maths-Others
258,Number-Others
259,Decimals-Others
260,"Factors, Multiples and Primes-Others"
261,"Fractions, Decimals and Percentage Equivalence-Others"
262,Fractions-Others
263,Ratio-Others
264,Algebra-Others
265,Straight Line Graphs-Others
266,Quadratic Graphs-Others
267,Transformation of Functions-Others
268,Geometry and Measure-Others
269,Co-ordinates-Others
270,"Construction, Loci and Scale Drawing-Others"
271,Basic Vectors-Others
272,Data Collection-Others
273,Basic Arithmetic-Others
274,Solving Equations-Others
275,3D Shapes-Others
276,Perimeter and Area-Others
277,Money-Others
278,Probability-Others
279,Systematic Listing Strategies
280,Science
281,Scale Drawing and Maps
282,Surface Area of Non-Prisms
283,Volume of Non-Prisms
284,Frequency Trees
285,Roman Numerals
286,Types of number
287,Labelling Shapes
